name,IaconoMarziano
PI032-04-01,4104.410588591122
PI032-04-02,4231.966408189035
PI041-02-02,1956.244091037127
PI041-03-01,3548.8433512125034
PI041-03-03,3500.5144264847395
PI041-05-04,1386.274577329928
PI041-05-06,2512.013195373222
PI041-07-01,3668.361133718033
PI041-07-02,2449.1160508586736
PI052-01-02,1404.2184152127788
