name,0
PI032-04-01,6527.087712472873
PI032-04-02,6828.021536263133
PI041-02-02,4802.87203487886
PI041-03-01,6958.250380179896
PI041-03-03,6826.59677776672
PI041-05-04,4013.630505319528
PI041-05-06,5269.481652741864
PI041-07-01,4969.100476767653
PI041-07-02,4175.590768009347
PI052-01-02,2388.3180941006835
